{
    "mean_ap": 0.15515021078528982,
    "per_class_ap": {
        "aeroplane": 0.48118234032139773,
        "bicycle": 0.19768614360296455,
        "bird": 0.04700329617607265,
        "boat": 0.04321467155230306,
        "bottle": 0.006664602273710995
    },
    "fps": 2.067391486079587,
    "inference_time_per_image": 0.4837013244628906
}